league_id,sub_league_id,division_id,name,gender
100,0,0,"National",0
100,1,0,"American",0
101,0,0,"Eastern Division",0
101,0,1,"Western Division",0
102,0,0,"Eastern Division",0
102,0,1,"Western Division",0
103,0,0,"Eastern Division",0
103,0,1,"Western Division",0
104,0,0,"Eastern Division",0
104,0,1,"Western Division",0
105,0,0,"Eastern Division",0
105,0,1,"Western Division",0
105,1,0,"Eastern Division",0
105,1,1,"Western Division",0
106,0,0,"Eastern Division",0
106,0,1,"Western Division",0
106,1,0,"Eastern Division",0
106,1,1,"Western Division",0
107,0,0,"Eastern Division",0
107,0,1,"Western Division",0
