team_id,name,abbr,nickname,logo_file_name,city_id,park_id,league_id,sub_league_id,division_id,nation_id,parent_team_id,level,prevent_any_moves,human_team,human_id,gender,background_color_id,text_color_id,ballcaps_main_color_id,ballcaps_visor_color_id,jersey_main_color_id,jersey_away_color_id,jersey_secondary_color_id,jersey_pin_stripes_color_id,allstar_team,historical_id
1,"New York","NY","Jacks","new_york_jacks.png",55211,1,100,0,0,206,0,1,0,0,0,0,"#1E1E9E","#FFFFFF","#000000","#000000","#FFFFFF","#FFFFFF","#FFFFFF","#FFFFFF",0,""
2,"Philadelphia","PHI","Sun Kings","philadelphia_sun_kings.png",58713,2,100,0,0,206,0,1,0,0,0,0,"#20D0C6","#B27600","#000000","#000000","#FFFFFF","#FFFFFF","#B27600","#B27600",0,""
3,"Brooklyn","BRO","Skyrockets","brooklyn_skyrockets.png",12985,3,100,1,0,206,0,1,0,1,2,0,"#B50514","#171775","#B50514","#B50514","#FFFFFF","#FFFFFF","#B50514","#B50514",0,""
4,"St. Louis","STL","Patrollers","st_louis_patrollers.png",69095,4,100,0,0,206,0,1,0,0,0,0,"#171775","#32939C","#000000","#171775","#FFFFFF","#FFFFFF","#171775","#171775",0,""
17,"San Antonio","SA","Viceroys","san_antonio_viceroys.png",69776,114,100,1,0,206,0,1,0,0,0,0,"#1E1E9E","#F3CE93","#000000","#1E1E9E","#FFFFFF","#FFFFFF","#1E1E9E","#1E1E9E",0,""
18,"Baltimore","BAL","Veterans","baltimore_veterans.png",6650,6,100,0,0,206,0,1,0,0,0,0,"#19396D","#F37A03","#000000","#000000","#FFFFFF","#FFFFFF","#F37A03","#F37A03",0,""
19,"Boston","BOS","Satellites","boston_satellites.png",10948,7,100,1,0,206,0,1,0,0,0,0,"#000000","#C0C0C0","#000000","#C0C0C0","#000000","#000000","#C0C0C0","#C0C0C0",0,""
20,"Cincinnati","CIN","Tracers","cincinnati_tracers.png",13776,8,100,0,0,206,0,1,0,0,0,0,"#1E1E9E","#32939C","#1E1E9E","#32939C","#1E1E9E","#1E1E9E","#32939C","#32939C",0,""
21,"Albany","ALB","Albacores","albany_albacores.png",1337,9,101,0,0,206,20,2,0,0,0,0,"#171775","#F37A03","#171775","#F37A03","#FFFFFF","#FFFFFF","#171775","#171775",0,""
22,"Buffalo","BUF","Beetles","buffalo_beetles.png",12314,10,101,0,1,206,18,2,0,0,0,0,"#A10D0D","#C0C0C0","#A10D0D","#A10D0D","#A10D0D","#A10D0D","#C0C0C0","#C0C0C0",0,""
23,"Rochester","ROC","Blitz","rochester_blitz.png",66478,11,101,0,1,206,1,2,0,0,0,0,"#171775","#F37A03","#000000","#000000","#FFFFFF","#FFFFFF","#F37A03","#F37A03",0,""
24,"Scranton","SCR","Crunch","scranton_crunch.png",72403,12,101,0,0,206,3,2,0,0,0,0,"#F3CE93","#1E1E9E","#000000","#000000","#FFFFFF","#FFFFFF","#1E1E9E","#1E1E9E",0,""
25,"Staten Island","SI","Missiles","staten_island_missiles.png",67138,13,101,0,0,206,4,2,0,0,0,0,"#000000","#FFC001","#000000","#000000","#FFFFFF","#FFFFFF","#FFC001","#FFC001",0,""
26,"Lower Merion","LM","Oppressors","lower_merion_oppressors.png",41624,14,101,0,0,206,17,2,0,0,0,0,"#B50514","#FFFFFF","#B50514","#FFFFFF","#B50514","#B50514","#FFFFFF","#FFFFFF",0,""
27,"Syracuse","SYR","Powerhouse","syracuse_powerhouse.png",77297,15,101,0,1,206,2,2,0,0,0,0,"#20D0C6","#FFC001","#20D0C6","#FFC001","#20D0C6","#20D0C6","#FFC001","#FFC001",0,""
28,"Reading","REA","Halos","reading_halos.png",65266,16,101,0,1,206,19,2,0,0,0,0,"#F65A5A","#000000","#F65A5A","#000000","#FFFFFF","#FFFFFF","#F65A5A","#F65A5A",0,""
29,"Springfield","SPR","Commissioners","springfield_commissioners.png",75707,17,102,0,1,206,4,3,0,0,0,0,"#560F73","#F3CE93","#000000","#000000","#FFFFFF","#FFFFFF","#F3CE93","#F3CE93",0,""
30,"Akron","AKR","Atoms","akron_atoms.png",849,18,102,0,0,206,19,3,0,0,0,0,"#008253","#FFC001","#008253","#008253","#FFFFFF","#FFFFFF","#008253","#008253",0,""
31,"Aurora","AUR","Blue Oxen","aurora_blue_oxen.png",4971,19,102,0,1,206,18,3,0,0,0,0,"#19396D","#A10D0D","#19396D","#19396D","#FFFFFF","#FFFFFF","#19396D","#19396D",0,""
32,"Peoria","PEO","Golden Hawks","peoria_golden_hawks.png",63645,20,102,0,1,206,17,3,0,0,0,0,"#F3CE93","#155918","#000000","#000000","#FFFFFF","#FFFFFF","#155918","#155918",0,""
33,"Canton","CAN","Bronchos","canton_bronchos.png",17182,21,102,0,0,206,20,3,0,0,0,0,"#DD0101","#FFEA01","#000000","#000000","#FFFFFF","#FFFFFF","#FFEA01","#FFEA01",0,""
34,"Dayton","DAY","Lowriders","dayton_lowriders.png",22234,22,102,0,0,206,2,3,0,0,0,0,"#000000","#32939C","#000000","#000000","#FFFFFF","#FFFFFF","#000000","#000000",0,""
35,"Lorain","LOR","Skeeters","lorain_skeeters.png",41892,23,102,0,0,206,3,3,0,0,0,0,"#1E1E9E","#C0C0C0","#1E1E9E","#1E1E9E","#1E1E9E","#1E1E9E","#C0C0C0","#C0C0C0",0,""
36,"Parma","PAR","Wraiths","parma_wraiths.png",62946,24,102,0,0,206,1,3,0,0,0,0,"#000000","#F37A03","#000000","#000000","#FFFFFF","#FFFFFF","#000000","#000000",0,""
37,"Columbia","COL","Hooligans","columbia_hooligans.png",14600,25,103,0,0,206,18,4,0,0,0,0,"#F37A03","#171775","#000000","#F37A03","#FFFFFF","#FFFFFF","#F37A03","#F37A03",0,""
38,"Muncie","MUN","Samurai","muncie_samurai.png",52531,26,103,0,0,206,4,4,0,0,0,0,"#1E1E9E","#FFFFFF","#000000","#1E1E9E","#FFFFFF","#FFFFFF","#1E1E9E","#1E1E9E",0,""
39,"Lees Summit","LS","Whirlwinds","lees_summit_whirlwinds.png",44596,27,103,0,1,206,2,4,0,0,0,0,"#171775","#FFFFFF","#000000","#171775","#FFFFFF","#FFFFFF","#171775","#171775",0,""
40,"Hammond","HAM","Timber Hawks","hammond_timber_hawks.png",30511,28,103,0,1,206,3,4,0,0,0,0,"#FFFFFF","#171775","#FFFFFF","#FFFFFF","#FFFFFF","#FFFFFF","#171775","#171775",0,""
41,"OFallon","OF","Seagulls","ofallon_seagulls.png",56846,29,103,0,1,206,19,4,0,0,0,0,"#32939C","#FFC001","#000000","#32939C","#FFFFFF","#FFFFFF","#32939C","#32939C",0,""
42,"Bloomington","BLO","Force","bloomington_force.png",10077,30,103,0,0,206,20,4,0,0,0,0,"#1E1E9E","#F3CE93","#1E1E9E","#1E1E9E","#FFFFFF","#FFFFFF","#1E1E9E","#1E1E9E",0,""
43,"Saint Charles","SC","Bruisers","saint_charles_bruisers.png",69021,31,103,0,1,206,17,4,0,0,0,0,"#DD0101","#FFC001","#DD0101","#DD0101","#FFFFFF","#FFFFFF","#DD0101","#DD0101",0,""
44,"Gary","GAR","Steamers","gary_steamers.png",27881,32,103,0,0,206,1,4,0,0,0,0,"#F37A03","#1E1E9E","#F37A03","#F37A03","#FFFFFF","#FFFFFF","#F37A03","#F37A03",0,""
45,"Ann Arbor","AA","Emissaries","ann_arbor_emissaries.png",3121,33,104,0,0,206,19,6,0,0,0,0,"#FFC001","#155918","#FFC001","#FFC001","#FFFFFF","#FFFFFF","#FFC001","#FFC001",0,""
46,"Sioux City","SC","Envoys","sioux_city_envoys.png",74315,34,104,0,1,206,17,6,0,0,0,0,"#FFEA01","#155918","#FFEA01","#155918","#FFFFFF","#FFFFFF","#FFEA01","#FFEA01",0,""
47,"Cedar Rapids","CR","Red Devils","cedar_rapids_red_devils.png",18112,35,104,0,1,206,4,6,0,0,0,0,"#A10D0D","#FFC001","#A10D0D","#A10D0D","#FFFFFF","#FFFFFF","#A10D0D","#A10D0D",0,""
48,"Flint","FLI","Blades","flint_blades.png",25787,36,104,0,0,206,18,6,0,0,0,0,"#32939C","#FFEA01","#32939C","#FFEA01","#32939C","#32939C","#FFEA01","#FFEA01",0,""
49,"Grand Rapids","GR","Furnace","grand_rapids_furnace.png",29499,37,104,0,0,206,1,6,0,0,0,0,"#F65A5A","#FFFFFF","#F65A5A","#F65A5A","#FFFFFF","#FFFFFF","#F65A5A","#F65A5A",0,""
50,"Des Moines","DM","Prisoners","des_moines_prisoners.png",20253,38,104,0,1,206,3,6,0,0,0,0,"#FFEA01","#B50514","#FFEA01","#FFEA01","#FFFFFF","#FFFFFF","#FFEA01","#FFEA01",0,""
51,"Davenport","DAV","Critters","davenport_critters.png",22160,39,104,0,0,206,2,6,0,0,0,0,"#FFC001","#1E1E9E","#FFC001","#FFC001","#FFFFFF","#FFFFFF","#FFC001","#FFC001",0,""
52,"Waterloo","WAT","Winterhawks","waterloo_winterhawks.png",85432,40,104,0,1,206,20,6,0,0,0,0,"#B50514","#000000","#B50514","#000000","#B50514","#B50514","#000000","#000000",0,""
53,"Paradise College","PC","Railroaders","paradise_college_railroaders.png",62752,41,105,0,1,206,0,10,0,0,0,0,"#FFC001","#008253","#FFC001","#FFC001","#FFFFFF","#FFFFFF","#FFC001","#FFC001",0,""
54,"Akron College","AC","Thrill","akron_college_thrill.png",849,42,105,0,0,206,0,10,0,0,0,0,"#DD0101","#FFEA01","#DD0101","#FFEA01","#DD0101","#DD0101","#FFEA01","#FFEA01",0,""
55,"St. Louis College","SL","Felines","st_louis_college_felines.png",69095,43,105,0,1,206,0,10,0,0,0,0,"#F37A03","#C0C0C0","#F37A03","#F37A03","#FFFFFF","#FFFFFF","#F37A03","#F37A03",0,""
56,"Malmstrom AFB College","MA","Curveballs","malmstrom_afb_college_curveballs.png",47327,44,105,0,0,206,0,10,0,0,0,0,"#000000","#FFFFFF","#000000","#000000","#FFFFFF","#FFFFFF","#000000","#000000",0,""
57,"Dolgeville College","DC","Roadrunners","dolgeville_college_roadrunners.png",21047,45,105,0,0,206,0,10,0,0,0,0,"#C0C0C0","#560F73","#000000","#C0C0C0","#FFFFFF","#FFFFFF","#C0C0C0","#C0C0C0",0,""
58,"Bakersfield College","BC","River Pirates","bakersfield_college_river_pirates.png",6327,46,105,0,1,206,0,10,0,0,0,0,"#F37A03","#000000","#F37A03","#F37A03","#FFFFFF","#FFFFFF","#F37A03","#F37A03",0,""
59,"Whitmire College","WC","Parliament","whitmire_college_parliament.png",86599,47,105,0,0,206,0,10,0,0,0,0,"#B50514","#FFC001","#B50514","#B50514","#FFFFFF","#FFFFFF","#B50514","#B50514",0,""
60,"Birmingham College","BC","Brood","birmingham_college_brood.png",9691,48,105,0,1,206,0,10,0,0,0,0,"#000000","#F37A03","#000000","#F37A03","#000000","#000000","#F37A03","#F37A03",0,""
61,"Rochester HS","RH","Windsurfers","rochester_hs_windsurfers.png",66478,49,106,0,0,206,0,11,0,0,0,0,"#008253","#FFEA01","#000000","#000000","#FFFFFF","#FFFFFF","#FFEA01","#FFEA01",0,""
62,"Garland HS","GH","Spades","garland_hs_spades.png",27837,50,106,0,1,206,0,11,0,0,0,0,"#19396D","#32939C","#19396D","#19396D","#FFFFFF","#FFFFFF","#19396D","#19396D",0,""
63,"Wakefield HS","WH","Owls","wakefield_hs_owls.png",87449,51,106,0,0,206,0,11,0,0,0,0,"#19396D","#A10D0D","#19396D","#19396D","#FFFFFF","#FFFFFF","#19396D","#19396D",0,""
64,"Bakersfield HS","BH","Sailors","bakersfield_hs_sailors.png",6327,52,106,0,1,206,0,11,0,0,0,0,"#F65A5A","#19396D","#F65A5A","#F65A5A","#FFFFFF","#FFFFFF","#F65A5A","#F65A5A",0,""
65,"Modesto HS","MH","Partisans","modesto_hs_partisans.png",50945,53,106,0,1,206,0,11,0,0,0,0,"#19396D","#F37A03","#19396D","#19396D","#FFFFFF","#FFFFFF","#19396D","#19396D",0,""
66,"Riverdale HS","RH","Ensigns","riverdale_hs_ensigns.png",66658,54,106,0,0,206,0,11,0,0,0,0,"#000000","#32939C","#000000","#000000","#FFFFFF","#FFFFFF","#000000","#000000",0,""
67,"Colorado Springs HS","CS","Outsiders","colorado_springs_hs_outsiders.png",14578,55,106,0,1,206,0,11,0,0,0,0,"#20D0C6","#FFEA01","#20D0C6","#20D0C6","#FFFFFF","#FFFFFF","#20D0C6","#20D0C6",0,""
68,"Scottsdale HS","SH","Typhoons","scottsdale_hs_typhoons.png",72398,56,106,0,1,206,0,11,0,0,0,0,"#FFC001","#1E1E9E","#000000","#FFC001","#FFFFFF","#FFFFFF","#FFC001","#FFC001",0,""
69,"Louisville","LOU","Cockatoos","louisville_cockatoos.png",42078,57,107,0,1,206,4,5,0,0,0,0,"#B50514","#FFEA01","#B50514","#FFEA01","#B50514","#B50514","#FFEA01","#FFEA01",0,""
70,"Bowling Green","BG","Cyclones","bowling_green_cyclones.png",11168,58,107,0,1,206,3,5,0,0,0,0,"#560F73","#C0C0C0","#560F73","#C0C0C0","#FFFFFF","#FFFFFF","#560F73","#560F73",0,""
71,"Brockton","BRO","Menace","brockton_menace.png",11820,59,107,0,0,206,17,5,0,0,0,0,"#560F73","#32939C","#000000","#000000","#FFFFFF","#FFFFFF","#32939C","#32939C",0,""
72,"Cambridge","CAM","Gannets","cambridge_gannets.png",16824,60,107,0,0,206,1,5,0,0,0,0,"#19396D","#32939C","#19396D","#19396D","#FFFFFF","#FFFFFF","#19396D","#19396D",0,""
73,"Richmond","RIC","Protectors","richmond_protectors.png",64154,61,107,0,0,206,19,5,0,0,0,0,"#19396D","#A10D0D","#19396D","#19396D","#FFFFFF","#FFFFFF","#19396D","#19396D",0,""
74,"Lowell","LOW","Scandals","lowell_scandals.png",41636,62,107,0,0,206,18,5,0,0,0,0,"#C0C0C0","#19396D","#000000","#000000","#FFFFFF","#FFFFFF","#19396D","#19396D",0,""
75,"Lexington","LEX","Peanuts","lexington_peanuts.png",45184,63,107,0,1,206,2,5,0,0,0,0,"#F65A5A","#FFFFFF","#F65A5A","#F65A5A","#FFFFFF","#FFFFFF","#F65A5A","#F65A5A",0,""
76,"Covington","COV","Steelhawks","covington_steelhawks.png",15450,64,107,0,1,206,20,5,0,0,0,0,"#560F73","#C0C0C0","#560F73","#560F73","#FFFFFF","#FFFFFF","#560F73","#560F73",0,""
77,"Los Angeles","LA","Beefeaters","los_angeles_beefeaters.png",41955,89,100,1,0,206,0,1,0,0,0,0,"#DD0101","#C0C0C0","#DD0101","#DD0101","#FFFFFF","#FFFFFF","#DD0101","#DD0101",0,""
78,"New Orleans","NO","Komodo Dragons","new_orleans_komodo_dragons.png",55156,66,100,0,0,206,0,1,0,0,0,0,"#19396D","#F3CE93","#19396D","#F3CE93","#FFFFFF","#FFFFFF","#19396D","#19396D",0,""
79,"Erie","ERI","Hilltops","erie_hilltops.png",23889,67,101,0,1,206,77,2,0,0,0,0,"#155918","#C0C0C0","#155918","#155918","#155918","#155918","#C0C0C0","#C0C0C0",0,""
80,"Hamilton","HAM","Flotilla","hamilton_flotilla.png",30486,68,102,0,0,206,77,3,0,0,0,0,"#560F73","#C0C0C0","#000000","#560F73","#FFFFFF","#FFFFFF","#560F73","#560F73",0,""
81,"Fort Wayne","FW","Dazzlers","fort_wayne_dazzlers.png",25148,69,103,0,0,206,77,4,0,0,0,0,"#C0C0C0","#560F73","#000000","#000000","#FFFFFF","#FFFFFF","#560F73","#560F73",0,""
82,"New Bedford","NB","Cobras","new_bedford_cobras.png",55049,70,107,0,0,206,77,5,0,0,0,0,"#171775","#20D0C6","#000000","#171775","#FFFFFF","#FFFFFF","#171775","#171775",0,""
83,"Lansing","LAN","Banshees","lansing_banshees.png",43746,71,104,0,0,206,77,6,0,0,0,0,"#B50514","#171775","#B50514","#B50514","#FFFFFF","#FFFFFF","#B50514","#B50514",0,""
84,"Bethlehem","BET","Express","bethlehem_express.png",9015,72,101,0,0,206,78,2,0,0,0,0,"#DD0101","#FFFFFF","#000000","#000000","#FFFFFF","#FFFFFF","#FFFFFF","#FFFFFF",0,""
85,"Youngstown","YOU","Aardvarks","youngstown_aardvarks.png",88594,73,102,0,0,206,78,3,0,0,0,0,"#20D0C6","#000000","#20D0C6","#20D0C6","#FFFFFF","#FFFFFF","#20D0C6","#20D0C6",0,""
86,"Evansville","EVA","Dicers","evansville_dicers.png",24313,74,103,0,1,206,78,4,0,0,0,0,"#1E1E9E","#FFFFFF","#1E1E9E","#1E1E9E","#FFFFFF","#FFFFFF","#1E1E9E","#1E1E9E",0,""
87,"Owensboro","OWE","Tortoises","owensboro_tortoises.png",58165,75,107,0,1,206,78,5,0,0,0,0,"#155918","#FFFFFF","#155918","#155918","#FFFFFF","#FFFFFF","#155918","#155918",0,""
88,"Iowa City","IC","Swamp Angels","iowa_city_swamp_angels.png",33856,76,104,0,1,206,78,6,0,0,0,0,"#560F73","#20D0C6","#560F73","#560F73","#FFFFFF","#FFFFFF","#560F73","#560F73",0,""
89,"Cleveland","CLE","Crusaders","cleveland_crusaders.png",14082,77,100,1,0,206,0,1,0,0,0,0,"#C0C0C0","#B50514","#000000","#000000","#FFFFFF","#FFFFFF","#B50514","#B50514",0,""
90,"Pittsburgh","PIT","Missionaries","pittsburgh_missionaries.png",59354,78,100,0,0,206,0,1,0,0,0,0,"#FFC001","#171775","#000000","#FFC001","#FFFFFF","#FFFFFF","#FFC001","#FFC001",0,""
91,"Cheektowaga","CHE","Mavericks","cheektowaga_mavericks.png",19117,79,101,0,1,206,89,2,0,0,0,0,"#DD0101","#FFC001","#000000","#DD0101","#FFFFFF","#FFFFFF","#DD0101","#DD0101",0,""
92,"Naperville","NAP","Pixies","naperville_pixies.png",54173,80,102,0,1,206,89,3,0,0,0,0,"#FFC001","#B50514","#FFC001","#B50514","#FFC001","#FFC001","#B50514","#B50514",0,""
93,"St. Peters","STP","Drummers","st_peters_drummers.png",69136,81,103,0,1,206,89,4,0,0,0,0,"#171775","#F37A03","#171775","#171775","#FFFFFF","#FFFFFF","#171775","#171775",0,""
94,"Springfield","SPR","Glaciers","springfield_glaciers.png",75712,82,107,0,0,206,89,5,0,0,0,0,"#171775","#32939C","#000000","#000000","#FFFFFF","#FFFFFF","#32939C","#32939C",0,""
95,"Sterling Heights","SH","Stripes","sterling_heights_stripes.png",76213,83,104,0,0,206,89,6,0,0,0,0,"#155918","#C0C0C0","#155918","#155918","#FFFFFF","#FFFFFF","#155918","#155918",0,""
96,"Yonkers","YON","Kings","yonkers_kings.png",88065,84,101,0,0,206,90,2,0,0,0,0,"#F37A03","#000000","#000000","#F37A03","#FFFFFF","#FFFFFF","#F37A03","#F37A03",0,""
97,"Rockford","ROC","Mammoth","rockford_mammoth.png",66441,85,102,0,1,206,90,3,0,0,0,0,"#560F73","#32939C","#000000","#560F73","#FFFFFF","#FFFFFF","#560F73","#560F73",0,""
98,"South Bend","SB","Riot","south_bend_riot.png",75295,86,103,0,0,206,90,4,0,0,0,0,"#DD0101","#C0C0C0","#000000","#DD0101","#FFFFFF","#FFFFFF","#DD0101","#DD0101",0,""
99,"Worcester","WOR","Prodigy","worcester_prodigy.png",86551,87,107,0,0,206,90,5,0,0,0,0,"#F65A5A","#000000","#000000","#000000","#FFFFFF","#FFFFFF","#000000","#000000",0,""
100,"Warren","WAR","River Snipes","warren_river_snipes.png",87765,88,104,0,0,206,90,6,0,0,0,0,"#560F73","#FFC001","#560F73","#560F73","#FFFFFF","#FFFFFF","#560F73","#560F73",0,""
101,"Eastern","AS1","All-Stars","eastern_all-stars.png",0,2,100,0,0,0,0,1,0,0,0,0,"#DD0101","#000000","#DD0101","#DD0101","#DD0101","#DD0101","#000000","#000000",1,""
102,"American League","AL","All-Stars","american_league_all-stars.png",0,135,100,0,0,0,0,1,0,0,0,0,"#1E1E9E","#FFFFFF","#1E1E9E","#1E1E9E","#1E1E9E","#1E1E9E","#FFFFFF","#FFFFFF",1,""
103,"Plano College","PC","Tugs","plano_college_tugs.png",59475,90,105,1,1,206,0,10,0,0,0,0,"#008253","#FFC001","#008253","#008253","#FFFFFF","#FFFFFF","#008253","#008253",0,""
104,"Madison College","MC","Broadswords","madison_college_broadswords.png",46552,91,105,1,0,206,0,10,0,0,0,0,"#000000","#F3CE93","#000000","#000000","#FFFFFF","#FFFFFF","#000000","#000000",0,""
105,"Newark College","NC","Rascals","newark_college_rascals.png",55218,92,105,1,0,206,0,10,0,0,0,0,"#F3CE93","#DD0101","#F3CE93","#F3CE93","#FFFFFF","#FFFFFF","#F3CE93","#F3CE93",0,""
106,"Tampa College","TC","Flangers","tampa_college_flangers.png",78373,93,105,1,0,206,0,10,0,0,0,0,"#19396D","#32939C","#19396D","#19396D","#FFFFFF","#FFFFFF","#19396D","#19396D",0,""
107,"Scottsdale College","SC","Marsupials","scottsdale_college_marsupials.png",72398,94,105,1,1,206,0,10,0,0,0,0,"#008253","#FFFFFF","#008253","#008253","#FFFFFF","#FFFFFF","#008253","#008253",0,""
108,"Saint Paul College","SP","Homesteads","saint_paul_college_homesteads.png",69127,95,105,1,1,206,0,10,0,0,0,0,"#560F73","#FFC001","#560F73","#FFC001","#560F73","#560F73","#FFC001","#FFC001",0,""
109,"Louisville College","LC","Vicious","louisville_college_vicious.png",42078,96,105,1,0,206,0,10,0,0,0,0,"#1E1E9E","#F37A03","#1E1E9E","#F37A03","#1E1E9E","#1E1E9E","#F37A03","#F37A03",0,""
110,"Garland College","GC","Boas","garland_college_boas.png",27837,97,105,1,1,206,0,10,0,0,0,0,"#155918","#C0C0C0","#000000","#155918","#FFFFFF","#FFFFFF","#155918","#155918",0,""
111,"Mosinee HS","MH","Bronchos","mosinee_hs_bronchos.png",51998,98,106,1,0,206,0,11,0,0,0,0,"#1E1E9E","#C0C0C0","#000000","#000000","#FFFFFF","#FFFFFF","#C0C0C0","#C0C0C0",0,""
112,"Lubbock HS","LH","Battleships","lubbock_hs_battleships.png",41565,99,106,1,1,206,0,11,0,0,0,0,"#000000","#FFEA01","#000000","#000000","#FFFFFF","#FFFFFF","#FFEA01","#FFEA01",0,""
113,"Lincoln HS","LH","Courageous","lincoln_hs_courageous.png",45562,100,106,1,1,206,0,11,0,0,0,0,"#DD0101","#C0C0C0","#000000","#000000","#FFFFFF","#FFFFFF","#C0C0C0","#C0C0C0",0,""
114,"Anaheim HS","AH","Blue Jackets","anaheim_hs_blue_jackets.png",2845,101,106,1,1,206,0,11,0,0,0,0,"#19396D","#32939C","#19396D","#19396D","#FFFFFF","#FFFFFF","#19396D","#19396D",0,""
115,"Durham HS","DH","Mission","durham_hs_mission.png",19502,102,106,1,0,206,0,11,0,0,0,0,"#F3CE93","#B50514","#F3CE93","#B50514","#FFFFFF","#FFFFFF","#F3CE93","#F3CE93",0,""
116,"Inglewood-Finn Hill HS","IH","Jaybirds","inglewood-finn_hill_hs_jaybirds.png",34535,103,106,1,1,206,0,11,0,0,0,0,"#171775","#20D0C6","#000000","#171775","#FFFFFF","#FFFFFF","#171775","#171775",0,""
117,"Maynardville HS","MH","Mystics","maynardville_hs_mystics.png",49105,104,106,1,0,206,0,11,0,0,0,0,"#32939C","#1E1E9E","#000000","#000000","#FFFFFF","#FFFFFF","#1E1E9E","#1E1E9E",0,""
118,"Patrick Springs HS","PS","Mosquitos","patrick_springs_hs_mosquitos.png",63155,105,106,1,0,206,0,11,0,0,0,0,"#FFFFFF","#000000","#000000","#FFFFFF","#FFFFFF","#FFFFFF","#FFFFFF","#FFFFFF",0,""
119,"Wichita College","WC","Bulldozers","wichita_college_bulldozers.png",86418,106,105,0,1,206,0,10,0,0,0,0,"#FFFFFF","#F37A03","#FFFFFF","#FFFFFF","#FFFFFF","#FFFFFF","#FFFFFF","#FFFFFF",0,""
120,"Denmark College","DC","Fishermen","denmark_college_fishermen.png",20147,107,105,0,1,206,0,10,0,0,0,0,"#FFEA01","#000000","#000000","#FFEA01","#FFFFFF","#FFFFFF","#FFEA01","#FFEA01",0,""
121,"Baton Rouge College","BR","Redjackets","baton_rouge_college_redjackets.png",7611,108,105,1,1,206,0,10,0,0,0,0,"#A10D0D","#FFC001","#A10D0D","#A10D0D","#A10D0D","#A10D0D","#FFC001","#FFC001",0,""
122,"Rochester College","RC","White Sox","rochester_college_white_sox.png",66478,109,105,1,0,206,0,10,0,0,0,0,"#FFFFFF","#155918","#000000","#FFFFFF","#FFFFFF","#FFFFFF","#FFFFFF","#FFFFFF",0,""
123,"Minneapolis HS","MH","Green Jackets","minneapolis_hs_green_jackets.png",50536,110,106,0,0,206,0,11,0,0,0,0,"#008253","#C0C0C0","#008253","#008253","#FFFFFF","#FFFFFF","#008253","#008253",0,""
124,"Raleigh HS","RH","Black Knights","raleigh_hs_black_knights.png",64894,111,106,0,0,206,0,11,0,0,0,0,"#000000","#FFC001","#000000","#FFC001","#000000","#000000","#FFC001","#FFC001",0,""
125,"Glendale HS","GH","Shepherds","glendale_hs_shepherds.png",28713,112,106,1,1,206,0,11,0,0,0,0,"#19396D","#F37A03","#000000","#000000","#FFFFFF","#FFFFFF","#F37A03","#F37A03",0,""
126,"Buffalo HS","BH","Ions","buffalo_hs_ions.png",12314,113,106,1,0,206,0,11,0,0,0,0,"#20D0C6","#000000","#20D0C6","#20D0C6","#FFFFFF","#FFFFFF","#20D0C6","#20D0C6",0,""
127,"San Diego","SD","Skulls","san_diego_skulls.png",69896,115,100,1,0,206,0,1,0,0,0,0,"#32939C","#FFC001","#32939C","#FFC001","#FFFFFF","#FFFFFF","#32939C","#32939C",0,""
128,"San Jose","SJ","Submarines","san_jose_submarines.png",70210,135,100,1,0,206,0,1,0,0,0,0,"#155918","#C0C0C0","#155918","#155918","#FFFFFF","#FFFFFF","#155918","#155918",0,""
129,"Lancaster","LAN","Senators","lancaster_senators.png",43532,117,101,0,1,206,127,2,0,0,0,0,"#A10D0D","#000000","#A10D0D","#A10D0D","#FFFFFF","#FFFFFF","#A10D0D","#A10D0D",0,""
130,"Elgin","ELG","Mud Cats","elgin_mud_cats.png",23371,118,102,0,0,206,127,3,0,0,0,0,"#155918","#FFFFFF","#000000","#000000","#FFFFFF","#FFFFFF","#FFFFFF","#FFFFFF",0,""
131,"St. Joseph","STJ","Flyers","st_joseph_flyers.png",69085,119,103,0,1,206,127,4,0,0,0,0,"#1E1E9E","#20D0C6","#1E1E9E","#1E1E9E","#1E1E9E","#1E1E9E","#20D0C6","#20D0C6",0,""
132,"Fall River","FAL","Stogies","fall_river_stogies.png",26345,120,107,0,0,206,127,5,0,0,0,0,"#B50514","#1E1E9E","#B50514","#B50514","#FFFFFF","#FFFFFF","#B50514","#B50514",0,""
133,"Clinton","CLI","Corals","clinton_corals.png",14132,121,104,0,0,206,127,6,0,0,0,0,"#DD0101","#171775","#000000","#000000","#FFFFFF","#FFFFFF","#171775","#171775",0,""
134,"Allentown","ALL","Damagers","allentown_damagers.png",1707,122,101,0,0,206,128,2,0,0,0,0,"#A10D0D","#19396D","#A10D0D","#A10D0D","#FFFFFF","#FFFFFF","#A10D0D","#A10D0D",0,""
135,"Joliet","JOL","Dholes","joliet_dholes.png",35587,123,102,0,1,206,128,3,0,0,0,0,"#008253","#FFEA01","#008253","#FFEA01","#008253","#008253","#FFEA01","#FFEA01",0,""
136,"Independence","IND","Thunder Jets","independence_thunder_jets.png",34453,124,103,0,1,206,128,4,0,0,0,0,"#20D0C6","#FFC001","#20D0C6","#20D0C6","#FFFFFF","#FFFFFF","#20D0C6","#20D0C6",0,""
137,"Hopkinsville","HOP","Sun Devils","hopkinsville_sun_devils.png",32499,125,107,0,1,206,128,5,0,0,0,0,"#DD0101","#FFEA01","#DD0101","#DD0101","#FFFFFF","#FFFFFF","#DD0101","#DD0101",0,""
138,"Council Bluffs","CB","Defiants","council_bluffs_defiants.png",15356,126,104,0,1,206,128,6,0,0,0,0,"#20D0C6","#FFEA01","#20D0C6","#FFEA01","#20D0C6","#20D0C6","#FFEA01","#FFEA01",0,""
139,"Hazleton College","HC","Blankers","hazleton_college_blankers.png",31150,127,105,0,0,206,0,10,0,0,0,0,"#FFC001","#008253","#FFC001","#008253","#FFFFFF","#FFFFFF","#FFC001","#FFC001",0,""
140,"Greensboro College","GC","Critters","greensboro_college_critters.png",29752,128,105,0,0,206,0,10,0,0,0,0,"#C0C0C0","#F37A03","#C0C0C0","#F37A03","#FFFFFF","#FFFFFF","#C0C0C0","#C0C0C0",0,""
141,"Saint Petersburg College","SP","Flankers","saint_petersburg_college_flankers.png",69137,129,105,1,0,206,0,10,0,0,0,0,"#F3CE93","#B50514","#000000","#F3CE93","#FFFFFF","#FFFFFF","#F3CE93","#F3CE93",0,""
142,"Stockton College","SC","Tidal Waves","stockton_college_tidal_waves.png",76303,130,105,1,1,206,0,10,0,0,0,0,"#19396D","#C0C0C0","#19396D","#C0C0C0","#19396D","#19396D","#C0C0C0","#C0C0C0",0,""
143,"Coal Creek HS","CC","Skyrays","coal_creek_hs_skyrays.png",14203,131,106,0,1,206,0,11,0,0,0,0,"#171775","#32939C","#000000","#000000","#FFFFFF","#FFFFFF","#32939C","#32939C",0,""
144,"Pleasantville HS","PH","Chainsaws","pleasantville_hs_chainsaws.png",59564,132,106,0,0,206,0,11,0,0,0,0,"#C0C0C0","#008253","#C0C0C0","#C0C0C0","#FFFFFF","#FFFFFF","#C0C0C0","#C0C0C0",0,""
145,"Pulaski HS","PH","Skyhawks","pulaski_hs_skyhawks.png",61424,133,106,1,0,206,0,11,0,0,0,0,"#FFC001","#B50514","#FFC001","#FFC001","#FFFFFF","#FFFFFF","#FFC001","#FFC001",0,""
146,"Tulsa HS","TH","Giants","tulsa_hs_giants.png",81568,134,106,1,1,206,0,11,0,0,0,0,"#1E1E9E","#FFFFFF","#000000","#000000","#FFFFFF","#FFFFFF","#FFFFFF","#FFFFFF",0,""
147,"Houston","HOU","Caravels","houston_caravels.png",32688,137,100,1,0,206,0,1,0,0,0,0,"#008253","#000000","#008253","#008253","#008253","#008253","#000000","#000000",0,""
148,"Dallas","DAL","Brash","dallas_brash.png",21777,138,100,0,0,206,0,1,0,0,0,0,"#560F73","#F3CE93","#560F73","#F3CE93","#560F73","#560F73","#F3CE93","#F3CE93",0,""
149,"Levittown","LEV","Continentals","levittown_continentals.png",45143,139,101,0,0,206,147,2,0,0,0,0,"#171775","#FFFFFF","#171775","#171775","#171775","#171775","#FFFFFF","#FFFFFF",0,""
150,"Waukegan","WAU","Squalls","waukegan_squalls.png",85491,140,102,0,1,206,147,3,0,0,0,0,"#FFC001","#1E1E9E","#FFC001","#FFC001","#FFFFFF","#E4E4E4","#FFC001","#FFC001",0,""
151,"Lafayette","LAF","Outriders","lafayette_outriders.png",43027,141,103,0,0,206,147,4,0,0,0,0,"#1A547E","#F37A03","#1A547E","#1A547E","#1A547E","#1A547E","#FFFFFF","#FFFFFF",0,""
152,"Jeffersontown","JEF","Spearmen","jeffersontown_spearmen.png",35203,142,107,0,1,206,147,5,0,0,0,0,"#1A547E","#A60003","#1A547E","#1A547E","#1A547E","#1A547E","#FFFFFF","#FFFFFF",0,""
153,"Ames","AME","Nats","ames_nats.png",2672,143,104,0,1,206,147,6,0,0,0,0,"#F37A03","#FFFFFF","#F37A03","#F37A03","#FFFFFF","#C8C8C8","#F37A03","#F37A03",0,""
154,"New Rochelle","NR","River Frogs","new_rochelle_river_frogs.png",55178,144,101,0,1,206,148,2,0,0,0,0,"#FFFFFF","#F37A03","#FFFFFF","#FFFFFF","#FFFFFF","#CDCDCD","#FFFFFF","#FFFFFF",0,""
155,"Cicero","CIC","Legends","cicero_legends.png",13735,145,102,0,1,206,148,3,0,0,0,0,"#A10D0D","#1A547E","#A10D0D","#A10D0D","#FFFFFF","#DEDEDE","#A10D0D","#A10D0D",0,""
156,"Anderson","AND","Caimans","anderson_caimans.png",2932,146,103,0,0,206,148,4,0,0,0,0,"#155918","#000000","#155918","#155918","#155918","#155918","#FFFFFF","#FFFFFF",0,""
157,"Frankfort","FRA","Devilfish","frankfort_devilfish.png",24966,147,107,0,1,206,148,5,0,0,0,0,"#1A547E","#FFFFFF","#1A547E","#1A547E","#1A547E","#1A547E","#FFFFFF","#FFFFFF",0,""
158,"Dubuque","DUB","Timberhawks","dubuque_timberhawks.png",19788,148,104,0,1,206,148,6,0,0,0,0,"#FFFFFF","#F37A03","#FFFFFF","#FFFFFF","#FFFFFF","#FFFFFF","#FFFFFF","#FFFFFF",0,""
